timestamp_iso	timestamp_ms	snapshot_id	source_path	exported_path
2026-04-01 16:32:03	1775032323368	pzg3.py	/home/kingdm-bwy/.vscode-server/data/User/History/47ba5646/pzg3.py	/nvme2/VAD_yemao/traffic-anomaly-vlm/tmp/history_snapshots/track_features_versions/track_features__1775032323368__pzg3.py.py
2026-04-14 16:11:34	1776154294257	cHxJ.py	/home/kingdm-bwy/.vscode-server/data/User/History/47ba5646/cHxJ.py	/nvme2/VAD_yemao/traffic-anomaly-vlm/tmp/history_snapshots/track_features_versions/track_features__1776154294257__cHxJ.py.py
2026-04-14 20:17:13	1776169033538	vhnZ.py	/home/kingdm-bwy/.vscode-server/data/User/History/47ba5646/vhnZ.py	/nvme2/VAD_yemao/traffic-anomaly-vlm/tmp/history_snapshots/track_features_versions/track_features__1776169033538__vhnZ.py.py
2026-04-16 16:07:25	1776326845998	InJi.py	/home/kingdm-bwy/.vscode-server/data/User/History/47ba5646/InJi.py	/nvme2/VAD_yemao/traffic-anomaly-vlm/tmp/history_snapshots/track_features_versions/track_features__1776326845998__InJi.py.py
2026-04-17 14:21:59	1776406919929	Ivyu.py	/home/kingdm-bwy/.vscode-server/data/User/History/47ba5646/Ivyu.py	/nvme2/VAD_yemao/traffic-anomaly-vlm/tmp/history_snapshots/track_features_versions/track_features__1776406919929__Ivyu.py.py
2026-04-17 16:30:09	1776414609025	DLua.py	/home/kingdm-bwy/.vscode-server/data/User/History/47ba5646/DLua.py	/nvme2/VAD_yemao/traffic-anomaly-vlm/tmp/history_snapshots/track_features_versions/track_features__1776414609025__DLua.py.py
2026-04-17 16:31:23	1776414683213	gdwE.py	/home/kingdm-bwy/.vscode-server/data/User/History/47ba5646/gdwE.py	/nvme2/VAD_yemao/traffic-anomaly-vlm/tmp/history_snapshots/track_features_versions/track_features__1776414683213__gdwE.py.py
2026-04-17 16:38:36	1776415116894	9DFn.py	/home/kingdm-bwy/.vscode-server/data/User/History/47ba5646/9DFn.py	/nvme2/VAD_yemao/traffic-anomaly-vlm/tmp/history_snapshots/track_features_versions/track_features__1776415116894__9DFn.py.py
2026-04-17 17:42:02	1776418922788	gKFx.py	/home/kingdm-bwy/.vscode-server/data/User/History/47ba5646/gKFx.py	/nvme2/VAD_yemao/traffic-anomaly-vlm/tmp/history_snapshots/track_features_versions/track_features__1776418922788__gKFx.py.py
2026-04-17 21:42:07	1776433327813	lBqa.py	/home/kingdm-bwy/.vscode-server/data/User/History/47ba5646/lBqa.py	/nvme2/VAD_yemao/traffic-anomaly-vlm/tmp/history_snapshots/track_features_versions/track_features__1776433327813__lBqa.py.py
2026-04-17 21:43:17	1776433397480	V9TC.py	/home/kingdm-bwy/.vscode-server/data/User/History/47ba5646/V9TC.py	/nvme2/VAD_yemao/traffic-anomaly-vlm/tmp/history_snapshots/track_features_versions/track_features__1776433397480__V9TC.py.py
2026-04-17 22:05:38	1776434738352	Zzwg.py	/home/kingdm-bwy/.vscode-server/data/User/History/47ba5646/Zzwg.py	/nvme2/VAD_yemao/traffic-anomaly-vlm/tmp/history_snapshots/track_features_versions/track_features__1776434738352__Zzwg.py.py
2026-04-17 22:10:29	1776435029294	GZhm.py	/home/kingdm-bwy/.vscode-server/data/User/History/47ba5646/GZhm.py	/nvme2/VAD_yemao/traffic-anomaly-vlm/tmp/history_snapshots/track_features_versions/track_features__1776435029294__GZhm.py.py
2026-04-17 22:39:00	1776436740334	M8ii.py	/home/kingdm-bwy/.vscode-server/data/User/History/47ba5646/M8ii.py	/nvme2/VAD_yemao/traffic-anomaly-vlm/tmp/history_snapshots/track_features_versions/track_features__1776436740334__M8ii.py.py
2026-04-17 22:57:59	1776437879978	KfxS.py	/home/kingdm-bwy/.vscode-server/data/User/History/47ba5646/KfxS.py	/nvme2/VAD_yemao/traffic-anomaly-vlm/tmp/history_snapshots/track_features_versions/track_features__1776437879978__KfxS.py.py
2026-04-17 23:05:20	1776438320522	CMXG.py	/home/kingdm-bwy/.vscode-server/data/User/History/47ba5646/CMXG.py	/nvme2/VAD_yemao/traffic-anomaly-vlm/tmp/history_snapshots/track_features_versions/track_features__1776438320522__CMXG.py.py
